Inventario_RFID,Real
1937.0,1935
2645.2,2649
2508.0,2517
2756.4,2762
1838.0,1820
2478.2,2479
2280.2,2269
2415.0,2417
2126.2,2119
2104.2,2105
2288.6,2295
1554.0,1552
2370.6,2384
2117.2,2111
2518.8,2521
2128.2,2126
2254.2,2246
2803.0,2798
1505.6,1498
2491.4,2485
2619.0,2621
1766.4,1764
2013.2,2018
1629.2,1610
2759.0,2775
2465.2,2468
2090.8,2063
2730.8,2733
1799.6,1797
2089.0,2101
1302.6,1298
2481.8,2475
2357.8,2359
1506.4,1499
2545.2,2560
2516.0,2513
1300.8,1305
1520.8,1530
1878.6,1878
2703.8,2694
2752.0,2772
2594.4,2586
1702.4,1704
2249.6,2247
1593.8,1594
1832.0,1833
2652.8,2666
1712.8,1706
1782.6,1786
1708.0,1727
1844.4,1846
1960.8,1959
1365.2,1368
2290.4,2298
1446.8,1443
1571.6,1572
1877.2,1881
1285.4,1280
2813.6,2812
2146.4,2145
2047.4,2051
1448.0,1452
1616.2,1620
2505.4,2508
2142.8,2144
1815.6,1821
2747.8,2758
1673.4,1674
2150.8,2143
1987.8,1982
2094.6,2100
2355.0,2376
1678.4,1682
1873.6,1868
1893.6,1888
2533.4,2525
1752.8,1754
2345.6,2358
2428.4,2429
1837.8,1837
2198.4,2200
2984.8,2999
1867.6,1873
1939.0,1943
2509.0,2497
1868.6,1870
2341.4,2331
1396.2,1392
2728.6,2740
2380.6,2382
2464.2,2465
1687.4,1677
1922.4,1922
2499.8,2491
1827.0,1827
1710.2,1719
2056.6,2048
1890.4,1897
1635.4,1631
1398.6,1395
2379.2,2380
2210.2,2219
1507.6,1504
2151.0,2157
2200.8,2192
2457.4,2454
2558.2,2562
1660.6,1666
1534.8,1536
2879.2,2885
1849.8,1842
1875.4,1853
1381.2,1379
2182.2,2172
2388.8,2382
2570.0,2579
1224.4,1226
2238.8,2238
2025.8,2017
2191.2,2195
1523.4,1528
1323.6,1329
1384.2,1385
2068.0,2077
1506.8,1507
2623.6,2621
2053.6,2046
1403.8,1394
2919.2,2908
1495.0,1504
2375.4,2375
2304.0,2304
1502.4,1507
1969.0,1951
1395.8,1404
2460.0,2473
1689.2,1693
1447.8,1445
1981.6,1973
1619.4,1624
1552.8,1552
1523.4,1523
1896.8,1895
2251.6,2258
2462.6,2459
1356.4,1367
2245.4,2237
1243.2,1236
2543.4,2552
1379.6,1378
1357.0,1349
2016.2,2015
2301.0,2299
1836.4,1836
2498.0,2492
1379.0,1376
2141.0,2141
1729.2,1726
1996.4,2003
1717.6,1712
1815.8,1818
2320.2,2332
2123.6,2107
2760.4,2758
1795.2,1796
1429.2,1426
1597.2,1598
1413.2,1406
1298.4,1307
2701.0,2703
1972.2,1971
1308.6,1305
1951.6,1951
2191.2,2205
1756.4,1754
1432.0,1430
1449.0,1435
2553.8,2547
1388.0,1385
2685.8,2671
2451.0,2461
1996.2,1991
3091.2,3129
2509.4,2503
2504.0,2502
2067.4,2067
2229.0,2233
2334.2,2342
2980.0,2988
2528.0,2533
1910.4,1911
2156.6,2160
2364.6,2375
2349.8,2329
1817.6,1814
2037.0,2042
2039.0,2036
2244.4,2246
1402.4,1406
1784.8,1780
1808.6,1802
1251.0,1238
1580.8,1562
2398.0,2395
1598.4,1590
2489.8,2492
1653.6,1661
1993.8,2005
1513.6,1514
2372.2,2374
1528.4,1509
2611.8,2597
2238.4,2245
1565.2,1567
2503.6,2503
2467.8,2462
1430.4,1430
2250.8,2246
1684.2,1692
1261.2,1259
1789.4,1796
2260.6,2262
2349.6,2335
2333.0,2335
1607.2,1610
2292.0,2291
1941.0,1928
1887.6,1888
2515.0,2518
2687.0,2702
1845.0,1834
2682.8,2682
2910.4,2929
1451.4,1454
2420.6,2411
2053.4,2054
2182.0,2199
1826.0,1822
2267.4,2249
2551.4,2546
3034.0,3004
1286.0,1285
2380.2,2385
2218.2,2215
2685.2,2684
2177.4,2174
2209.4,2229
2496.6,2505
1453.8,1452
2187.8,2133
2387.8,2389
1313.2,1321
1530.8,1552
2206.2,2212
2977.6,2957
2012.6,2014
1635.4,1636
2416.0,2397
1407.2,1406
1907.6,1906
1609.0,1606
2166.8,2166
2520.4,2525
1582.0,1569
1658.2,1655
2793.4,2787
2463.0,2470
1855.8,1860
2419.2,2424
1698.8,1705
1810.8,1800
2294.6,2285
1431.8,1440
1622.6,1624
1607.2,1606
2463.0,2460
1990.8,1991
1379.0,1373
1410.8,1399
2031.4,2023
1580.4,1580
2157.4,2150
2568.2,2561
2080.4,2083
2143.6,2135
2381.8,2383
1455.2,1453
1717.6,1712
2018.8,2008
1985.8,1971
1307.0,1311
2009.4,2003
1461.8,1457
1868.6,1870
2004.6,1990
2670.8,2678
2133.6,2149
2630.6,2629
1268.8,1267
2836.0,2844
1708.2,1708
2586.2,2591
1975.6,1954
2388.0,2391
2080.6,2082
2946.8,2993
1994.0,1999
1775.0,1766
1736.6,1731
2270.8,2271
2007.6,2009
1483.8,1494
1572.0,1567
1821.0,1820
2292.8,2295
1999.4,1993
1426.8,1423
1813.6,1813
1445.0,1457
2557.0,2561
1848.4,1808
1915.4,1905
2679.8,2687
2429.4,2426
1498.8,1496
2463.6,2466
1702.6,1707
2105.2,2109
2265.2,2259
2045.4,2039
2672.0,2667
2041.0,2035
2745.8,2748
2152.2,2141
2507.8,2510
1879.6,1879
2609.8,2611
1942.0,1942
1776.4,1779
1782.0,1782
1467.0,1462
1379.0,1388
1431.4,1419
1868.4,1867
2045.2,2045
2162.4,2166
2121.2,2127
2054.0,2050
1640.0,1634
1617.4,1605
2352.2,2338
2332.4,2338
2583.6,2584
2600.6,2595
1969.6,1989
2854.2,2857
2555.2,2553
2682.6,2688
2362.6,2366
2789.6,2781
1770.8,1770
1453.0,1459
1945.6,1949
1744.4,1746
2445.2,2442
2442.2,2439
2564.0,2582
2666.0,2661
1907.8,1903
1950.4,1950
2516.8,2523
1953.4,1937
2730.8,2727
1997.2,2004
1542.0,1545
2228.8,2236
1739.0,1738
2043.6,2049
1436.6,1436
1899.0,1898
1438.2,1438
1740.8,1746
2467.6,2473
1626.0,1623
1731.2,1736
2241.2,2242
1585.4,1582
2190.4,2189
1912.6,1910
2484.6,2483
1301.4,1293
2115.4,2128
1843.0,1849
2154.2,2157
2046.6,2037
1879.6,1869
2239.0,2241
1894.6,1878
1671.0,1668
1597.2,1598
1511.4,1512
1930.4,1939
1707.2,1720
1639.0,1631
2098.4,2091
2074.2,2070
2371.6,2383
1979.2,1980
2393.2,2390
1896.8,1899
1808.0,1824
2856.0,2845
2212.2,2214
1600.2,1597
2219.6,2222
1380.4,1387
1886.0,1883
1567.0,1567
2007.4,2015
2173.6,2173
1672.4,1671
2362.4,2365
2143.6,2140
2265.8,2270
1589.6,1588
1965.4,1943
1564.2,1561
1712.8,1711
2306.8,2304
2078.2,2083
1656.6,1650
1871.0,1863
1316.8,1326
1383.4,1385
2352.4,2358
1851.0,1846
2523.0,2520
1891.8,1901
1538.8,1542
2820.8,2828
2375.6,2367
2746.8,2742
1757.0,1760
1498.6,1500
1529.0,1531
2388.2,2374
2144.8,2154
2577.6,2577
1790.2,1801
2357.0,2357
1805.6,1815
2035.4,2037
2548.0,2545
2101.2,2099
1692.0,1688
2097.4,2097
1392.4,1377
2539.4,2533
2310.4,2311
1411.0,1411
2397.4,2359
1654.6,1662
2682.6,2681
1506.4,1501
1970.6,1969
1644.2,1646
1527.2,1530
2086.0,2086
1978.0,1964
2050.2,2044
1600.2,1605
1272.2,1270
1845.6,1839
2621.2,2637
1880.2,1876
2575.4,2571
1814.8,1816
1774.6,1775
1451.8,1445
1403.0,1399
1778.2,1781
1554.4,1550
2218.4,2220
1803.8,1803
1538.8,1534
1493.6,1494
2070.4,2068
1681.0,1687
1422.4,1425
1230.8,1223
1755.0,1764
1744.8,1748
2112.6,2121
2080.2,2073
2119.4,2127
2014.8,2021
1876.0,1882
1547.8,1551
1629.2,1629
2259.8,2258
1576.8,1579
1862.6,1868
1776.4,1766
1957.0,1954
2030.8,2032
2011.2,2002
1981.2,1971
1698.4,1689
1928.6,1935
1645.6,1652
2009.0,2012
1464.4,1460
2134.4,2127
2000.4,1998
2306.4,2313
2037.4,2033
2552.2,2543
2842.4,2844
2340.8,2336
1914.8,1917
1433.0,1432
1831.4,1836
1752.4,1749
2488.8,2488
2120.6,2123
1998.6,1997
2118.6,2129
1858.4,1865
2252.8,2262
1913.2,1900
1640.0,1646
1992.8,1999
1364.6,1371
1835.6,1839
1705.2,1699
1687.0,1683
2503.8,2502
2527.0,2528
1649.0,1652
1830.8,1822
1952.8,1944
1866.6,1873
1556.0,1550
1555.0,1555
1661.6,1662
2830.2,2832
2551.0,2549
2572.6,2578
2186.0,2178
1662.8,1662
1896.8,1890
1473.8,1471
2265.2,2265
1732.0,1724
1518.4,1519
2167.8,2178
1729.4,1728
2351.0,2365
2541.8,2535
1865.0,1866
2275.2,2276
1433.6,1433
1585.8,1583
1831.8,1816
2657.4,2657
2085.4,2073
1538.6,1557
1817.2,1819
1984.0,1996
2715.0,2707
2145.0,2140
2577.4,2585
1832.8,1828
1445.4,1427
2291.4,2284
1214.2,1218
1776.0,1777
2287.4,2294
2715.4,2723
2109.6,2112
1640.8,1635
1657.8,1657
1290.0,1287
2247.6,2245
1486.2,1487
2775.8,2777
2275.8,2274
1427.0,1426
2471.2,2473
1951.8,1944
1880.2,1879
2370.2,2380
1957.6,1949
2978.0,2960
2065.4,2067
2258.8,2256
1356.0,1360
2055.2,2059
1320.4,1319
1570.6,1570
1695.2,1691
1798.2,1808
2206.4,2196
1736.2,1735
1498.8,1494
2074.8,2074
2032.8,2031
1600.8,1607
1813.8,1810
2618.6,2629
2820.4,2829
2236.8,2235
1683.0,1692
1896.4,1891
1769.6,1772
2625.6,2620
1408.6,1408
1532.0,1535
1729.4,1720
2871.0,2866
1716.6,1723
1479.6,1485
1637.4,1631
2558.4,2563
2437.6,2437
1489.6,1489
1995.0,1999
1652.6,1648
1433.4,1436
2090.0,2088
2574.0,2578
2253.8,2246
1429.6,1432
1979.2,1973
2179.6,2177
2603.6,2611
2637.8,2648
2388.0,2394
1434.4,1438
1409.6,1411
2658.4,2665
2398.2,2395
2346.4,2356
1759.8,1752
2139.8,2141
1798.6,1804
1485.8,1484
2476.4,2475
2617.0,2619
2362.2,2360
2194.6,2220
1705.0,1702
1816.8,1825
2273.2,2264
1903.6,1901
2287.8,2322
1469.8,1468
1574.8,1579
1428.8,1430
2534.6,2540
1469.2,1465
2192.8,2193
2545.8,2539
2867.0,2855
2280.8,2288
2006.4,2013
2282.4,2266
1610.2,1610
1674.6,1683
2401.4,2407
2331.8,2325
2217.2,2230
1899.0,1893
2405.0,2414
1776.4,1775
2704.2,2695
2209.4,2225
2197.2,2209
1804.2,1810
2878.0,2889
2327.2,2323
1314.8,1313
1769.8,1770
2608.6,2612
1693.8,1692
2154.2,2149
1560.2,1561
1426.6,1426
2510.8,2498
2977.6,2975
1469.2,1466
1567.2,1567
1691.8,1687
2828.4,2823
2340.8,2343
1994.6,1989
2015.6,2032
2540.4,2537
1452.0,1458
1908.8,1901
2331.6,2340
1354.0,1363
1763.6,1774
2246.6,2248
1712.2,1718
2092.8,2095
1876.4,1879
2317.2,2308
2352.2,2349
1421.6,1425
1801.4,1798
2550.0,2563
1354.2,1356
2533.2,2540
2158.8,2161
1956.0,1953
1682.8,1678
2271.4,2273
1470.6,1465
2621.8,2616
1622.8,1618
2381.0,2386
1639.2,1626
2494.2,2489
1320.8,1314
2010.0,2016
2226.4,2212
2086.8,2084
2154.0,2157
1438.0,1442
1482.2,1483
2078.6,2089
1607.4,1608
2066.4,2067
1733.4,1731
1345.2,1346
2275.6,2274
1658.2,1656
2065.0,2065
1821.6,1830
1417.8,1421
2263.4,2262
2246.6,2243
2067.4,2066
1677.8,1693
1543.6,1542
2135.2,2137
2637.6,2635
2027.8,2022
1352.6,1350
2018.4,2015
1937.0,1929
1975.4,1962
2168.6,2175
2046.2,2033
2760.0,2763
2276.2,2269
1647.8,1651
1342.0,1335
1428.2,1422
1848.4,1843
2483.2,2486
2038.2,2029
1505.6,1504
1644.8,1636
1529.6,1536
2275.0,2271
2207.0,2215
1532.4,1529
2483.4,2485
1775.4,1772
2049.2,2045
2437.6,2448
2876.2,2865
1713.6,1705
2259.8,2261
1541.2,1549
1422.6,1421
2115.6,2123
2301.2,2289
2544.2,2545
1965.6,1956
1375.4,1380
2245.8,2248
1440.0,1437
2438.4,2427
2286.2,2300
2267.8,2268
1960.6,1950
2071.6,2075
2564.4,2569
1485.2,1479
1468.0,1464
1987.8,1993
2066.4,2072
2681.4,2682
1565.4,1557
1654.6,1661
1751.6,1741
2923.2,2931
2215.0,2226
2223.2,2215
1251.4,1244
1529.6,1536
2411.2,2418
1517.6,1516
1842.2,1843
1766.0,1764
1622.8,1626
2957.8,2949
1900.0,1905
2347.6,2359
1593.0,1593
1869.0,1875
2406.0,2413
2594.4,2595
2191.0,2191
1382.4,1384
1937.0,1936
1707.8,1704
1597.6,1606
2058.6,2076
2499.4,2485
2597.2,2599
2682.6,2685
2467.6,2464
1808.0,1795
2047.4,2046
2655.2,2650
2088.8,2081
1549.4,1557
2834.6,2849
2607.4,2615
2422.4,2422
1959.2,1950
1398.4,1396
1513.6,1510
1792.4,1792
2393.8,2394
1867.6,1874
2094.4,2103
2179.4,2179
1604.8,1612
2037.6,2036
1422.2,1434
1731.8,1743
1930.4,1922
1586.8,1578
2023.4,2028
2200.0,2189
2469.2,2474
2420.0,2407
1945.2,1951
1506.4,1503
2592.2,2587
2295.6,2295
1771.2,1777
1868.0,1868
1869.6,1874
1496.2,1493
1500.6,1495
2368.8,2361
2541.8,2538
2093.2,2101
2094.6,2095
1807.6,1803
1478.2,1478
1733.2,1717
2508.0,2509
2268.8,2263
2564.6,2566
1370.0,1382
2100.4,2087
2434.6,2430
1604.0,1597
1707.2,1715
1974.6,1970
2352.0,2357
2706.0,2699
1947.2,1946
1775.8,1787
1326.8,1331
2649.0,2661
2289.2,2297
1923.6,1921
1428.4,1423
2445.0,2431
2543.2,2537
2757.8,2761
1368.0,1363
2090.2,2094
2369.6,2358
1693.6,1693
2267.6,2275
2404.4,2400
2123.8,2127
1992.0,1993
2047.2,2054
2349.6,2351
2656.4,2650
1406.4,1400
1581.8,1581
1992.4,2000
2657.4,2668
1482.8,1489
1487.4,1487
2707.8,2695
2283.6,2292
1565.4,1564
2186.0,2191
2065.8,2064
1719.0,1730
2157.4,2149
2085.4,2091
2370.0,2376
2265.4,2268
2048.0,2045
2408.6,2400
2272.8,2272
2312.4,2323
2385.2,2390
1476.6,1479
2096.2,2078
2085.2,2078
1711.2,1708
1483.4,1480
2131.6,2117
1736.8,1740
1868.2,1873
2251.8,2257
2001.6,2005
1756.6,1754
1567.8,1586
1717.4,1724
1702.0,1712
1595.8,1592
2111.8,2106
2465.4,2464
2694.8,2700
1405.4,1406
1689.2,1686
2599.8,2601
2206.0,2206
2888.2,2881
1717.6,1720
2829.8,2822
1939.8,1940
2444.8,2438
2445.2,2431
2638.8,2651
1293.6,1289
1432.8,1433
2830.4,2826
2572.0,2574
1774.2,1767
1891.2,1902
1490.2,1492
1419.2,1420
1487.6,1489
1552.4,1541
2171.8,2172
2375.0,2368
2509.8,2501
2167.6,2178
1351.4,1351
1808.4,1809
2050.8,2052
1249.6,1253
1814.6,1810
2861.4,2861
2122.4,2124
2752.4,2745
1846.8,1844
2018.6,2009
1420.4,1427
1510.2,1514
2523.0,2513
1311.8,1309
1945.4,1947
2591.2,2581
1783.0,1782
2498.8,2492
1739.4,1744
1462.2,1455
2640.6,2655
1714.6,1720
2469.6,2460
2128.4,2143
2063.4,2058
2646.6,2653
1937.0,1937
2143.8,2154
1765.6,1763
1769.6,1761
2819.4,2819
1357.4,1352
1751.2,1750
1789.8,1794
2062.8,2057
1546.4,1543
2108.6,2112
1995.8,1989
2553.4,2554
1574.8,1574
2145.4,2154
2442.2,2441
1816.4,1815
2101.0,2101
1908.0,1916
2235.6,2231
1506.4,1510
1976.2,1968
2580.2,2592
1692.8,1694
1645.8,1646
2257.8,2254
1367.4,1368
1866.2,1867
2392.0,2405
1840.8,1837
1649.8,1654
2200.6,2209
1697.2,1695
2330.8,2318
2430.6,2436
1712.8,1702
2093.6,2088
2425.6,2443
1805.2,1803
1790.2,1784
1882.0,1894
1959.2,1957
2273.8,2247
2563.0,2556
1326.6,1321
2480.4,2486
1783.8,1780
2341.4,2338
2744.0,2756
2556.0,2553
1441.6,1447
2430.6,2434
1586.8,1585
1623.6,1625
1861.8,1871
1816.2,1821
1291.0,1293
2949.2,2935
2077.8,2081
2400.4,2410
1919.6,1913
1938.8,1947
2451.2,2457
2103.8,2104
1398.2,1397
2571.6,2570
1558.8,1566
2418.2,2422
2800.0,2791
1847.6,1844
1625.8,1620
1758.0,1755
2604.2,2600
2589.6,2601
1897.2,1889
1846.0,1851
2398.4,2393
2573.8,2572
2421.8,2431
1635.2,1644
1720.0,1728
2190.0,2195
2620.8,2610
1622.4,1617
2360.4,2365
1368.0,1368
2715.2,2716
2884.2,2899
1767.4,1772
1622.4,1625
1667.8,1660
1819.8,1813
2451.6,2459
2698.0,2688
2011.2,2013
2394.4,2396
2450.8,2465
2585.8,2575
2340.0,2338
2801.8,2792
1713.2,1708
1495.0,1497
1846.8,1848
1532.6,1544
1525.6,1520
1412.2,1406
2750.4,2747
2417.8,2413
1838.2,1835
1335.2,1331
1886.4,1887
2096.2,2094
2827.6,2831
2264.2,2253
2410.8,2411
1665.6,1667
2343.2,2340
2015.6,2019
1529.8,1520
2187.0,2185
2067.6,2074
1733.4,1733
2696.8,2707
2366.8,2353
2613.8,2611
2285.2,2277
1813.0,1807
1783.0,1775
1391.8,1393
2301.8,2282
1595.0,1597
1930.2,1932
1911.0,1907
2725.8,2728
2042.4,2046
1788.6,1784
2112.4,2109
1799.0,1792
2268.2,2284
1412.8,1415
1717.2,1716
2477.0,2474
2243.4,2253
2438.8,2444
1825.2,1805
1759.8,1743
2327.6,2329
2414.6,2419
2042.6,2045
1378.8,1383
2587.2,2587
1715.0,1726
1402.0,1405
2427.4,2421
1462.6,1466
1637.4,1634
2177.0,2175
2752.4,2747
1515.0,1515
1869.4,1868
1843.6,1844
2184.8,2176
2303.6,2303
1929.8,1931
2926.6,2939
2578.2,2567
1705.8,1711
2125.8,2127
2404.0,2407
1510.0,1513
2833.0,2842
1902.4,1897
2770.8,2774
2087.4,2088
1447.0,1442
2053.4,2048
2212.6,2207
2333.4,2339
1408.6,1409
1246.0,1262
2489.8,2488
2109.4,2112
2220.4,2222
1996.6,2003
1959.2,1948
2097.2,2102
1624.8,1631
2333.4,2342
2410.4,2412
1584.6,1588
1715.0,1720
1876.6,1874
2256.0,2261
2303.2,2296
1869.6,1874
1753.4,1759
2275.4,2262
2507.8,2493
1450.6,1441
2380.6,2374
2919.2,2940
2571.8,2580
2098.6,2097
2403.0,2395
2080.8,2082
1931.0,1934
1944.4,1952
2059.8,2056
2162.4,2151
2506.4,2502
2026.6,2029
1469.8,1475
2000.8,2005
1832.0,1832
2436.6,2436
1922.6,1931
2451.4,2447
2715.2,2720
2042.6,2040
2178.2,2175
1873.6,1880
2480.6,2475
2319.0,2311
2517.8,2521
3037.4,3091
1383.2,1383
2258.6,2260
2040.4,2026
2471.2,2482
1908.4,1906
1902.6,1904
1658.4,1648
1939.4,1941
2399.2,2398
2464.8,2461
1358.4,1361
2172.8,2171
1753.4,1754
1259.2,1264
2267.4,2283
1448.8,1453
1920.8,1931
2024.8,2030
1693.6,1696
2524.4,2514
1610.2,1599
1514.0,1519
1701.6,1709
1550.4,1551
2317.4,2311
2521.8,2523
2232.0,2232
1680.8,1686
2191.8,2191
2559.0,2574
1464.8,1466
1992.4,2003
2121.2,2115
1778.6,1791
2122.0,2122
2699.4,2686
2566.4,2570
2213.4,2230
1739.2,1734
2487.6,2476
2073.6,2078
2364.8,2360
1544.4,1554
2846.8,2845
1616.2,1613
1876.2,1875
1980.4,1984
2368.4,2369
1646.6,1651
1871.6,1874
2129.4,2140
1631.4,1625
2029.2,2021
1724.0,1732
2358.4,2372
1573.6,1574
1611.4,1615
1579.4,1577
1713.8,1711
2269.2,2272
2106.6,2097
2632.2,2635
2399.4,2394
2273.4,2290
2347.4,2351
2157.4,2162
2157.4,2157
1271.0,1268
1347.2,1350
1476.4,1477
2754.4,2755
1468.2,1455
1588.4,1594
2506.0,2517
1491.6,1501
1670.2,1667
1541.0,1545
2100.6,2092
2659.8,2656
1649.0,1650
2667.0,2669
2324.0,2326
2255.4,2253
1573.2,1583
2512.2,2509
1646.8,1647
2416.4,2414
1526.4,1534
2258.4,2255
2104.2,2111
1834.4,1836
2861.8,2877
1502.8,1510
2467.8,2469
2403.8,2402
1717.4,1709
1968.2,1970
1716.8,1719
2608.6,2603
2242.2,2242
1777.2,1779
1473.4,1471
2964.4,2950
2153.8,2153
2178.8,2180
1533.8,1527
2713.2,2699
2797.4,2794
2331.6,2327
2446.6,2461
1736.8,1742
1673.8,1677
1713.8,1723
2413.2,2411
2694.2,2705
1919.4,1918
1587.0,1586
1615.2,1621
1826.0,1812
1579.4,1575
1489.0,1477
2789.6,2774
1612.4,1612
2541.0,2537
1935.2,1936
1902.6,1908
1781.6,1784
1297.0,1303
2571.0,2589
2850.2,2871
1528.4,1527
2591.8,2597
2262.8,2263
1514.8,1513
2234.8,2219
1696.6,1701
2065.4,2040
2481.0,2486
1561.2,1563
1775.8,1769
2336.2,2342
1441.4,1442
2817.6,2827
1994.8,1999
1388.0,1389
2329.6,2326
1778.6,1781
2091.4,2104
2897.8,2894
2598.6,2595
2238.2,2236
2225.0,2210
1586.6,1588
1893.0,1881
2180.2,2178
1316.4,1313
2442.2,2453
1875.2,1878
2137.4,2144
2287.6,2280
2191.6,2199
1539.0,1541
2559.0,2570
1667.4,1663
1408.4,1412
1400.6,1398
1499.4,1503
1214.2,1211
2543.0,2552
2634.0,2637
1976.8,1981
1666.8,1676
2460.6,2471
1758.2,1761
2409.6,2414
1958.2,1954
1907.0,1913
2188.8,2181
2071.8,2080
1771.8,1766
2566.4,2573
1919.6,1915
1821.4,1813
2389.0,2382
1778.6,1785
1496.0,1510
1614.0,1606
1945.8,1951
1421.8,1412
1797.2,1792
1673.4,1672
1691.0,1685
2566.2,2570
1725.6,1722
2220.0,2218
1530.2,1534
2501.6,2500
1907.8,1903
1683.6,1691
2669.0,2682
1571.0,1567
1601.4,1593
1663.6,1669
2144.0,2150
2196.0,2200
2301.0,2294
1698.4,1693
2919.2,2913
2151.0,2165
2352.6,2355
1855.8,1846
2127.8,2126
2227.0,2218
1604.6,1615
1829.8,1838
2060.6,2063
2735.0,2740
2605.4,2600
2351.0,2355
1873.2,1876
2318.4,2306
2405.6,2409
2031.4,2034
1937.6,1929
2116.2,2116
2123.4,2129
1329.6,1325
2651.2,2646
1935.2,1936
2906.6,2885
1728.4,1726
1870.6,1878
2195.0,2203
2010.8,2017
1872.2,1875
1665.8,1668
1607.2,1604
1981.8,1994
2629.0,2630
2201.0,2204
1658.4,1663
1955.4,1957
1377.6,1375
1246.2,1246
1860.4,1867
1312.6,1322
2504.4,2524
2493.4,2502
1591.4,1588
2387.6,2404
2677.4,2692
2533.2,2523
1990.6,2002
3034.0,3061
1821.4,1817
2115.2,2108
2257.4,2253
2201.2,2195
2425.6,2412
1723.0,1730
2114.2,2109
2257.4,2258
1895.2,1888
1535.0,1542
2352.4,2357
2535.2,2537
2215.2,2216
1459.0,1459
2322.4,2323
1778.0,1772
2583.6,2585
1607.2,1608
2355.6,2353
1987.8,1985
2682.6,2675
2178.4,2193
1678.2,1680
1542.2,1541
1904.4,1903
1725.8,1726
2272.6,2260
1868.0,1870
1412.6,1419
2164.4,2160
2343.2,2356
1866.6,1850
2146.2,2141
1651.4,1650
2547.2,2543
1308.8,1311
2138.2,2141
1675.2,1687
2231.8,2227
2716.8,2707
2648.2,2655
1550.2,1548
1831.4,1828
1707.2,1711
1539.2,1548
2672.4,2669
2124.4,2122
1891.2,1893
2212.8,2211
1613.0,1612
2903.0,2907
1958.4,1965
1849.2,1850
1529.6,1523
2453.2,2447
2445.8,2449
2064.6,2070
1846.8,1848
1837.6,1834
1690.8,1688
2238.2,2236
1706.0,1710
2407.2,2412
1758.0,1762
2027.8,2021
1484.6,1491
1403.8,1395
2646.2,2646
2304.0,2310
1640.8,1638
1782.8,1783
2693.2,2692
2806.6,2812
1456.8,1459
1994.8,1992
2229.2,2226
1865.0,1857
1599.0,1593
2222.2,2222
1592.8,1585
1340.2,1338
1775.6,1785
1528.6,1531
2285.8,2286
1940.8,1940
1768.4,1761
1290.2,1293
1338.8,1332
1677.4,1671
1494.0,1500
2022.2,2033
1809.2,1809
1354.6,1354
1813.8,1813
2068.8,2068
1664.0,1664
2460.0,2458
1924.8,1930
1426.4,1430
1322.4,1323
2425.2,2429
2496.0,2491
2546.2,2553
1684.8,1679
1780.6,1787
1691.8,1695
2399.2,2415
1376.0,1371
2126.6,2124
2569.4,2585
2034.8,2042
1671.8,1670
1524.2,1522
1712.8,1713
1757.6,1754
2079.0,2078
2393.6,2401
1769.4,1780
1753.8,1751
1610.8,1609
2863.4,2905
2120.2,2126
2763.0,2768
1811.0,1807
2897.8,2919
2153.2,2151
1482.2,1489
2092.8,2087
1353.8,1352
2351.4,2347
1951.6,1958
2891.8,2879
1511.4,1515
1690.2,1691
2763.4,2762
2416.8,2412
2520.6,2521
1529.4,1533
2202.2,2207
2595.6,2597
2323.8,2341
1656.6,1650
1489.8,1489
1659.2,1664
2220.4,2226
2567.6,2586
1824.6,1817
1540.2,1530
2278.2,2284
2771.0,2768
1820.4,1825
1799.8,1797
2668.4,2667
1963.4,1962
2055.0,2046
1435.4,1439
2406.8,2398
1863.4,1858
2383.0,2369
1930.0,1928
1875.0,1879
2547.0,2546
2018.0,2009
1565.0,1562
2083.2,2081
2323.0,2313
1361.6,1358
1777.4,1776
2158.4,2198
2207.6,2208
2266.2,2275
1955.4,1952
1496.8,1502
2319.2,2317
2359.6,2363
2327.6,2325
2052.6,2047
2555.6,2569
2326.0,2320
2206.2,2193
2636.6,2636
1454.2,1464
2688.8,2692
2359.6,2358
2090.6,2097
2658.6,2649
2228.2,2236
1963.8,1955
2020.6,2016
2212.6,2227
2607.6,2616
2674.8,2692
1648.0,1645
2081.2,2088
1819.4,1832
2392.2,2397
2057.8,2052
2486.2,2492
2268.2,2262
1546.0,1556
1682.6,1689
2307.8,2301
1480.8,1484
2758.0,2743
2387.8,2386
1799.6,1804
2743.2,2732
1462.4,1464
1606.4,1602
2473.4,2485
2169.8,2164
2747.8,2762
2357.8,2364
2075.2,2075
2359.6,2355
2942.8,2930
1346.0,1349
2861.4,2828
1842.4,1849
2120.0,2117
1425.0,1423
1343.8,1341
2301.6,2300
1986.4,1979
1878.8,1882
2414.4,2413
1920.8,1927
2136.8,2133
2232.6,2237
1763.0,1765
2249.0,2232
2225.8,2236
2022.4,2021
2279.6,2288
1561.4,1565
1769.0,1769
2500.0,2497
1310.4,1319
2427.0,2426
2187.8,2204
1664.0,1663
2455.4,2467
1375.2,1378
2640.8,2646
1510.8,1507
2138.4,2139
1778.6,1771
1349.6,1350
2220.0,2224
1796.0,1803
2181.6,2195
2150.4,2152
1923.0,1912
1921.2,1919
1772.6,1772
1566.2,1576
2154.4,2162
1938.8,1952
1842.0,1835
1546.6,1549
2408.2,2405
1668.8,1671
1903.6,1897
1814.4,1815
1558.6,1559
1955.2,1954
1832.0,1810
1693.8,1698
1686.8,1686
1941.8,1950
2799.6,2789
2563.8,2568
1419.4,1424
2060.4,2056
1627.8,1628
2515.2,2526
2735.6,2731
2019.0,2025
2188.8,2185
2061.4,2060
1282.4,1275
2671.4,2697
2481.8,2477
1505.8,1501
2267.4,2268
2600.8,2586
2337.6,2331
1558.6,1555
2340.8,2345
1329.0,1328
1834.2,1837
1464.0,1466
1369.8,1363
2563.0,2561
1343.0,1334
1924.0,1918
2080.4,2075
2183.0,2187
1834.0,1831
1968.0,1962
2876.2,2898
1465.6,1467
1732.0,1733
2340.6,2337
2095.0,2100
2073.0,2068
2087.2,2080
2660.0,2663
1924.6,1920
1440.6,1434
1437.0,1434
2755.8,2765
2149.4,2157
2003.2,2002
2292.4,2294
1677.8,1681
2294.0,2302
2354.0,2357
1252.8,1264
2145.8,2161
2357.4,2355
1768.6,1766
1499.4,1502
1903.0,1901
2114.2,2109
1464.0,1462
1647.4,1650
1584.8,1579
2570.4,2562
1345.0,1341
1284.4,1286
2675.2,2666
1370.6,1373
1598.4,1606
2996.0,2974
1910.6,1900
2177.2,2179
2244.0,2241
1375.2,1377
1969.8,1968
2541.2,2539
1636.4,1642
2081.4,2092
1679.4,1683
2824.4,2811
1704.6,1702
1317.6,1318
1690.8,1694
1345.4,1347
2282.0,2282
2386.4,2392
1426.6,1422
2526.0,2529
1975.2,1967
2369.0,2367
1681.4,1693
1894.8,1890
2589.8,2585
1392.8,1396
1760.0,1765
1866.2,1863
1564.4,1560
1805.4,1801
1706.0,1704
2328.0,2334
1361.8,1374
1723.4,1715
2735.2,2720
2417.8,2414
1251.4,1249
1535.6,1534
1410.4,1410
1640.2,1649
2248.0,2242
1950.4,1948
1430.4,1419
1566.8,1555
1921.8,1920
1619.6,1637
2056.4,2050
2501.8,2497
1956.2,1954
1645.0,1645
2289.0,2288
1716.0,1712
2355.8,2346
1449.2,1457
1834.4,1838
1845.0,1845
2249.0,2236
1535.4,1534
1997.6,1993
1795.4,1790
1787.0,1793
1668.0,1678
1619.0,1620
1642.8,1642
2926.0,2915
2611.0,2634
2117.4,2109
2257.4,2256
2084.2,2092
1742.8,1717
1505.0,1497
1684.2,1673
1878.2,1860
1511.2,1504
1641.0,1650
2575.2,2573
1587.0,1573
2315.8,2316
2508.2,2504
1588.2,1586
2154.8,2164
2084.8,2096
1862.2,1868
2556.2,2548
2353.4,2353
2257.0,2257
1419.8,1426
1549.4,1561
1830.0,1829
1397.2,1399
1974.6,1980
1719.0,1706
2595.8,2598
1974.8,1965
2148.4,2155
1867.0,1863
1646.4,1646
2367.4,2378
1426.4,1427
2252.0,2259
2583.6,2585
1292.0,1288
1643.4,1644
1969.6,1958
1721.0,1711
2166.0,2170
2225.8,2230
1470.4,1471
1725.4,1726
1753.6,1752
1441.8,1437
1868.0,1871
1468.6,1470
1354.6,1358
2482.6,2474
2149.4,2136
2540.0,2544
1448.8,1443
2542.2,2531
1301.8,1307
2105.0,2111
1502.8,1501
1805.8,1800
1617.8,1618
2003.4,1996
2352.8,2365
2979.2,2980
2480.0,2487
1740.8,1740
1962.8,1942
2014.4,2020
2241.2,2239
1538.2,1546
2359.2,2353
2885.0,2877
1671.2,1675
1645.6,1650
1709.0,1708
2318.0,2324
2221.4,2222
1662.0,1657
2513.2,2507
2659.4,2661
1821.0,1818
2079.8,2067
2502.6,2502
1981.2,1991
2181.4,2182
2695.0,2708
2031.0,2032
1900.8,1895
1683.2,1697
2811.2,2807
1439.0,1446
1271.0,1267
2344.8,2351
2525.4,2528
1755.4,1753
2068.8,2049
2500.4,2494
2489.6,2493
1545.8,1545
1820.0,1822
1966.6,1968
2155.4,2140
2665.0,2681
2403.0,2389
2355.8,2347
1730.0,1730
1512.6,1521
2260.8,2261
1641.0,1623
1308.0,1307
2078.0,2075
1535.6,1538
2085.8,2098
1554.0,1568
2088.2,2109
1446.0,1447
2531.8,2523
2511.4,2512
1962.8,1967
2768.0,2773
1852.0,1850
2704.2,2705
1427.8,1414
2535.4,2520
1811.4,1815
1808.4,1809
1440.6,1438
2322.8,2329
2231.8,2220
2771.2,2768
2190.8,2195
2143.6,2143
1509.2,1492
1893.6,1884
2577.2,2580
